{"cameraMode":{"drawMode":0,"name":"Shaded","section":"Shading Mode"},"sceneLighting":false,"audioPlay":false,"sceneViewState":{"m_AlwaysRefresh":false,"showFog":true,"showSkybox":false,"showFlares":true,"showImageEffects":true,"showParticleSystems":true,"showVisualEffectGraphs":true,"m_FxEnabled":false},"in2DMode":false,"pivot":{"x":-0.0014705657958984376,"y":1.809950828552246,"z":-19.449417114257814},"rotation":{"x":-0.001295373309403658,"y":0.9683652520179749,"z":-0.24963480234146119,"w":-0.004952622577548027},"size":2.7537875175476076,"orthographic":false}