{"cameraMode":{"drawMode":0,"name":"Shaded","section":"Shading Mode"},"sceneLighting":true,"audioPlay":false,"sceneViewState":{"m_AlwaysRefresh":false,"showFog":true,"showSkybox":true,"showFlares":true,"showImageEffects":true,"showParticleSystems":true,"showVisualEffectGraphs":true,"m_FxEnabled":false},"in2DMode":false,"pivot":{"x":-14.454392433166504,"y":5.440917491912842,"z":14.997407913208008},"rotation":{"x":0.20196545124053956,"y":-0.22595398128032685,"z":0.047987550497055057,"w":0.9518258571624756},"size":14.149178504943848,"orthographic":false}