{"cameraMode":{"drawMode":0,"name":"Shaded","section":"Shading Mode"},"sceneLighting":false,"audioPlay":false,"sceneViewState":{"m_AlwaysRefresh":false,"showFog":true,"showSkybox":false,"showFlares":true,"showImageEffects":true,"showParticleSystems":true,"showVisualEffectGraphs":true,"m_FxEnabled":false},"in2DMode":false,"pivot":{"x":5.300000190734863,"y":1.570000171661377,"z":0.29999998211860659},"rotation":{"x":0.5768647789955139,"y":0.014701143838465214,"z":-0.010384649969637394,"w":0.8166399598121643},"size":1.837117314338684,"orthographic":false}